timeStamp,elapsed,label,responseCode,responseMessage,threadName,dataType,success,failureMessage,bytes,sentBytes,grpThreads,allThreads,URL,Latency,IdleTime,Connect
1601644491440,5364,HTTP Request,200,,Institution-Manager 1-2,text,true,,125,536,80,80,http://localhost:8080/educationInstitution,5364,0,1
1601644491514,6999,HTTP Request,200,,Institution-Manager 1-3,text,true,,125,536,105,105,http://localhost:8080/educationInstitution,6999,0,1
1601644491363,7344,HTTP Request,200,,Institution-Manager 1-1,text,true,,125,536,106,106,http://localhost:8080/educationInstitution,7344,0,2
1601644492157,6551,HTTP Request,200,,Institution-Manager 1-12,text,true,,125,536,106,106,http://localhost:8080/educationInstitution,6551,0,1
1601644492319,10323,HTTP Request,200,,Institution-Manager 1-14,text,true,,125,536,146,146,http://localhost:8080/educationInstitution,10323,0,17
1601644491594,13096,HTTP Request,200,,Institution-Manager 1-4,text,true,,125,536,145,145,http://localhost:8080/educationInstitution,13096,0,2
1601644493611,11990,HTTP Request,200,,Institution-Manager 1-34,text,true,,125,536,144,144,http://localhost:8080/educationInstitution,11990,0,1
1601644491727,14258,HTTP Request,200,,Institution-Manager 1-6,text,true,,125,536,143,143,http://localhost:8080/educationInstitution,14258,0,1
1601644495156,11956,HTTP Request,200,,Institution-Manager 1-57,text,true,,125,536,142,142,http://localhost:8080/educationInstitution,11956,0,1
1601644494868,12405,HTTP Request,200,,Institution-Manager 1-53,text,true,,125,536,141,141,http://localhost:8080/educationInstitution,12405,0,1
1601644493945,13330,HTTP Request,200,,Institution-Manager 1-39,text,true,,125,536,140,140,http://localhost:8080/educationInstitution,13330,0,1
1601644492789,14864,HTTP Request,200,,Institution-Manager 1-22,text,true,,125,536,139,139,http://localhost:8080/educationInstitution,14864,0,2
1601644495490,13652,HTTP Request,200,,Institution-Manager 1-62,text,true,,125,536,138,138,http://localhost:8080/educationInstitution,13652,0,2
1601644494805,14360,HTTP Request,200,,Institution-Manager 1-52,text,true,,125,536,137,137,http://localhost:8080/educationInstitution,14360,0,2
1601644495757,13746,HTTP Request,200,,Institution-Manager 1-66,text,true,,125,536,136,136,http://localhost:8080/educationInstitution,13746,0,1
1601644491821,17684,HTTP Request,200,,Institution-Manager 1-7,text,true,,125,536,136,136,http://localhost:8080/educationInstitution,17684,0,1
1601644493198,16471,HTTP Request,200,,Institution-Manager 1-27,text,true,,125,536,134,134,http://localhost:8080/educationInstitution,16471,0,1
1601644498472,11257,HTTP Request,200,,Institution-Manager 1-106,text,true,,125,536,133,133,http://localhost:8080/educationInstitution,11257,0,379
1601644492089,17885,HTTP Request,200,,Institution-Manager 1-11,text,true,,125,536,132,132,http://localhost:8080/educationInstitution,17885,0,1
1601644498272,11742,HTTP Request,200,,Institution-Manager 1-103,text,true,,125,536,131,131,http://localhost:8080/educationInstitution,11742,0,0
1601644491688,18337,HTTP Request,200,,Institution-Manager 1-5,text,true,,125,536,130,130,http://localhost:8080/educationInstitution,18337,0,0
1601644494689,15352,HTTP Request,200,,Institution-Manager 1-50,text,true,,125,536,129,129,http://localhost:8080/educationInstitution,15352,0,1
1601644495690,14370,HTTP Request,200,,Institution-Manager 1-65,text,true,,125,536,128,128,http://localhost:8080/educationInstitution,14370,0,1
1601644495422,14679,HTTP Request,200,,Institution-Manager 1-61,text,true,,125,536,127,127,http://localhost:8080/educationInstitution,14679,0,1
1601644496090,14601,HTTP Request,200,,Institution-Manager 1-71,text,true,,125,536,126,126,http://localhost:8080/educationInstitution,14601,0,1
1601644493743,17996,HTTP Request,200,,Institution-Manager 1-36,text,true,,125,536,125,125,http://localhost:8080/educationInstitution,17996,0,0
1601644502533,22531,HTTP Request,200,,Institution-Manager 1-124,text,true,,125,536,124,124,http://localhost:8080/educationInstitution,22531,0,1
1601644494958,30217,HTTP Request,200,,Institution-Manager 1-54,text,true,,125,536,123,123,http://localhost:8080/educationInstitution,30217,0,2
1601644497071,28148,HTTP Request,200,,Institution-Manager 1-85,text,true,,125,536,122,122,http://localhost:8080/educationInstitution,28148,0,1
1601644497469,27751,HTTP Request,200,,Institution-Manager 1-91,text,true,,125,536,121,121,http://localhost:8080/educationInstitution,27751,0,2
1601644494577,30660,HTTP Request,200,,Institution-Manager 1-48,text,true,,125,536,120,120,http://localhost:8080/educationInstitution,30660,0,1
1601644495956,29339,HTTP Request,200,,Institution-Manager 1-69,text,true,,125,536,119,119,http://localhost:8080/educationInstitution,29339,0,2
1601644492656,32645,HTTP Request,200,,Institution-Manager 1-20,text,true,,125,536,118,118,http://localhost:8080/educationInstitution,32644,0,2
1601644494375,30927,HTTP Request,200,,Institution-Manager 1-45,text,true,,125,536,117,117,http://localhost:8080/educationInstitution,30927,0,1
1601644494144,31194,HTTP Request,200,,Institution-Manager 1-42,text,true,,125,536,116,116,http://localhost:8080/educationInstitution,31194,0,1
1601644495556,29814,HTTP Request,200,,Institution-Manager 1-63,text,true,,125,536,115,115,http://localhost:8080/educationInstitution,29814,0,1
1601644492398,33365,HTTP Request,200,,Institution-Manager 1-15,text,true,,125,536,114,114,http://localhost:8080/educationInstitution,33365,0,1
1601644493131,32647,HTTP Request,200,,Institution-Manager 1-26,text,true,,125,536,113,113,http://localhost:8080/educationInstitution,32647,0,1
1601644496804,28987,HTTP Request,200,,Institution-Manager 1-81,text,true,,125,536,112,112,http://localhost:8080/educationInstitution,28987,0,0
1601644502542,23249,HTTP Request,200,,Institution-Manager 1-136,text,true,,125,536,112,112,http://localhost:8080/educationInstitution,23249,0,159
1601644493330,32464,HTTP Request,200,,Institution-Manager 1-29,text,true,,125,536,110,110,http://localhost:8080/educationInstitution,32464,0,1
1601644493397,32402,HTTP Request,200,,Institution-Manager 1-30,text,true,,125,536,109,109,http://localhost:8080/educationInstitution,32402,0,1
1601644493452,32349,HTTP Request,200,,Institution-Manager 1-31,text,true,,125,536,108,108,http://localhost:8080/educationInstitution,32349,0,1
1601644499271,26568,HTTP Request,200,,Institution-Manager 1-118,text,true,,125,536,107,107,http://localhost:8080/educationInstitution,26568,0,1
1601644499407,26435,HTTP Request,200,,Institution-Manager 1-120,text,true,,125,536,106,106,http://localhost:8080/educationInstitution,26435,0,2
1601644499072,26850,HTTP Request,200,,Institution-Manager 1-115,text,true,,125,536,105,105,http://localhost:8080/educationInstitution,26850,0,1
1601644493065,33124,HTTP Request,200,,Institution-Manager 1-25,text,true,,125,536,104,104,http://localhost:8080/educationInstitution,33124,0,1
1601644498707,27502,HTTP Request,200,,Institution-Manager 1-107,text,true,,125,536,103,103,http://localhost:8080/educationInstitution,27502,0,2
1601644492856,33364,HTTP Request,200,,Institution-Manager 1-23,text,true,,125,536,102,102,http://localhost:8080/educationInstitution,33364,0,1
1601644492723,33506,HTTP Request,200,,Institution-Manager 1-21,text,true,,125,536,101,101,http://localhost:8080/educationInstitution,33506,0,2
1601644495623,30606,HTTP Request,200,,Institution-Manager 1-64,text,true,,125,536,100,100,http://localhost:8080/educationInstitution,30606,0,0
1601644491888,34364,HTTP Request,200,,Institution-Manager 1-8,text,true,,125,536,99,99,http://localhost:8080/educationInstitution,34364,0,1
1601644494310,31941,HTTP Request,200,,Institution-Manager 1-44,text,true,,125,536,98,98,http://localhost:8080/educationInstitution,31941,0,2
1601644496223,30028,HTTP Request,200,,Institution-Manager 1-73,text,true,,125,536,98,98,http://localhost:8080/educationInstitution,30028,0,1
1601644493524,32730,HTTP Request,200,,Institution-Manager 1-33,text,true,,125,536,96,96,http://localhost:8080/educationInstitution,32730,0,1
1601644499204,27051,HTTP Request,200,,Institution-Manager 1-117,text,true,,125,536,95,95,http://localhost:8080/educationInstitution,27051,0,1
1601644497138,29150,HTTP Request,200,,Institution-Manager 1-86,text,true,,125,536,94,94,http://localhost:8080/educationInstitution,29150,0,1
1601644491956,34441,HTTP Request,200,,Institution-Manager 1-9,text,true,,125,536,93,93,http://localhost:8080/educationInstitution,34441,0,0
1601644498706,27724,HTTP Request,200,,Institution-Manager 1-109,text,true,,125,536,92,92,http://localhost:8080/educationInstitution,27724,0,0
1601644495289,31398,HTTP Request,200,,Institution-Manager 1-59,text,true,,125,536,91,91,http://localhost:8080/educationInstitution,31398,0,1
1601644502535,24158,HTTP Request,200,,Institution-Manager 1-145,text,true,,125,536,90,90,http://localhost:8080/educationInstitution,24158,0,164
1601644497538,29160,HTTP Request,200,,Institution-Manager 1-92,text,true,,125,536,89,89,http://localhost:8080/educationInstitution,29160,0,1
1601644494512,32255,HTTP Request,200,,Institution-Manager 1-47,text,true,,125,536,88,88,http://localhost:8080/educationInstitution,32255,0,0
1601644498404,28364,HTTP Request,200,,Institution-Manager 1-105,text,true,,125,536,87,87,http://localhost:8080/educationInstitution,28364,0,1
1601644502543,24226,HTTP Request,200,,Institution-Manager 1-133,text,true,,125,536,87,87,http://localhost:8080/educationInstitution,24226,0,157
1601644498004,28765,HTTP Request,200,,Institution-Manager 1-99,text,true,,125,536,86,86,http://localhost:8080/educationInstitution,28765,0,0
1601644496156,30614,HTTP Request,200,,Institution-Manager 1-72,text,true,,125,536,85,85,http://localhost:8080/educationInstitution,30614,0,1
1601644502537,24235,HTTP Request,200,,Institution-Manager 1-147,text,true,,125,536,83,83,http://localhost:8080/educationInstitution,24235,0,167
1601644493519,33255,HTTP Request,200,,Institution-Manager 1-32,text,true,,125,536,82,82,http://localhost:8080/educationInstitution,33255,0,1
1601644497872,28904,HTTP Request,200,,Institution-Manager 1-97,text,true,,125,536,81,81,http://localhost:8080/educationInstitution,28904,0,0
1601644499339,27437,HTTP Request,200,,Institution-Manager 1-119,text,true,,125,536,81,81,http://localhost:8080/educationInstitution,27437,0,1
1601644495023,31755,HTTP Request,200,,Institution-Manager 1-55,text,true,,125,536,79,79,http://localhost:8080/educationInstitution,31755,0,1
1601644493810,32979,HTTP Request,200,,Institution-Manager 1-37,text,true,,125,536,78,78,http://localhost:8080/educationInstitution,32979,0,1
1601644498939,28094,HTTP Request,200,,Institution-Manager 1-113,text,true,,125,536,77,77,http://localhost:8080/educationInstitution,28094,0,0
1601644492590,34456,HTTP Request,200,,Institution-Manager 1-19,text,true,,125,536,76,76,http://localhost:8080/educationInstitution,34456,0,1
1601644496290,30776,HTTP Request,200,,Institution-Manager 1-74,text,true,,125,536,75,75,http://localhost:8080/educationInstitution,30776,0,0
1601644492403,36100,HTTP Request,200,,Institution-Manager 1-16,text,true,,125,536,74,74,http://localhost:8080/educationInstitution,36100,0,2
1601644495823,32691,HTTP Request,200,,Institution-Manager 1-67,text,true,,125,536,73,73,http://localhost:8080/educationInstitution,32691,0,1
1601644497672,30845,HTTP Request,200,,Institution-Manager 1-94,text,true,,125,536,72,72,http://localhost:8080/educationInstitution,30845,0,1
1601644497204,31333,HTTP Request,200,,Institution-Manager 1-87,text,true,,125,536,71,71,http://localhost:8080/educationInstitution,31333,0,1
1601644497939,30599,HTTP Request,200,,Institution-Manager 1-98,text,true,,125,536,70,70,http://localhost:8080/educationInstitution,30599,0,1
1601644502534,26004,HTTP Request,200,,Institution-Manager 1-148,text,true,,125,536,70,70,http://localhost:8080/educationInstitution,26004,0,164
1601644502540,25999,HTTP Request,200,,Institution-Manager 1-126,text,true,,125,536,69,69,http://localhost:8080/educationInstitution,25999,0,158
1601644496869,31672,HTTP Request,200,,Institution-Manager 1-82,text,true,,125,536,67,67,http://localhost:8080/educationInstitution,31672,0,1
1601644499006,29535,HTTP Request,200,,Institution-Manager 1-114,text,true,,125,536,67,67,http://localhost:8080/educationInstitution,29535,0,1
1601644494755,33790,HTTP Request,200,,Institution-Manager 1-51,text,true,,125,536,65,65,http://localhost:8080/educationInstitution,33790,0,1
1601644502539,26008,HTTP Request,200,,Institution-Manager 1-123,text,true,,125,536,64,64,http://localhost:8080/educationInstitution,26008,0,1
1601644495089,33460,HTTP Request,200,,Institution-Manager 1-56,text,true,,125,536,63,63,http://localhost:8080/educationInstitution,33460,0,1
1601644498706,29844,HTTP Request,200,,Institution-Manager 1-108,text,true,,125,536,62,62,http://localhost:8080/educationInstitution,29844,0,1
1601644497739,30926,HTTP Request,200,,Institution-Manager 1-95,text,true,,125,536,61,61,http://localhost:8080/educationInstitution,30925,0,47
1601644494011,34762,HTTP Request,200,,Institution-Manager 1-40,text,true,,125,536,60,60,http://localhost:8080/educationInstitution,34749,0,2
1601644496612,32161,HTTP Request,200,,Institution-Manager 1-78,text,true,,125,536,60,60,http://localhost:8080/educationInstitution,32150,0,1
1601644494242,34531,HTTP Request,200,,Institution-Manager 1-43,text,true,,125,536,60,60,http://localhost:8080/educationInstitution,34516,0,1
1601644502538,26236,HTTP Request,200,,Institution-Manager 1-144,text,true,,125,536,57,57,http://localhost:8080/educationInstitution,26235,0,1
1601644496357,32418,HTTP Request,200,,Institution-Manager 1-75,text,true,,125,536,56,56,http://localhost:8080/educationInstitution,32418,0,1
1601644497273,31506,HTTP Request,200,,Institution-Manager 1-88,text,true,,125,536,55,55,http://localhost:8080/educationInstitution,31506,0,3
1601644499139,29646,HTTP Request,200,,Institution-Manager 1-116,text,true,,125,536,54,54,http://localhost:8080/educationInstitution,29646,0,0
1601644502539,26250,HTTP Request,200,,Institution-Manager 1-150,text,true,,125,536,53,53,http://localhost:8080/educationInstitution,26250,0,164
1601644502539,26252,HTTP Request,200,,Institution-Manager 1-128,text,true,,125,536,52,52,http://localhost:8080/educationInstitution,26252,0,161
1601644495356,33514,HTTP Request,200,,Institution-Manager 1-60,text,true,,125,536,51,51,http://localhost:8080/educationInstitution,33514,0,1
1601644492524,36351,HTTP Request,200,,Institution-Manager 1-18,text,true,,125,536,50,50,http://localhost:8080/educationInstitution,36350,0,3
1601644502533,26343,HTTP Request,200,,Institution-Manager 1-122,text,true,,125,536,49,49,http://localhost:8080/educationInstitution,26343,0,1
1601644494078,34800,HTTP Request,200,,Institution-Manager 1-41,text,true,,125,536,48,48,http://localhost:8080/educationInstitution,34800,0,1
1601644492023,36860,HTTP Request,200,,Institution-Manager 1-10,text,true,,125,536,47,47,http://localhost:8080/educationInstitution,36860,0,1
1601644502537,26355,HTTP Request,200,,Institution-Manager 1-138,text,true,,125,536,46,46,http://localhost:8080/educationInstitution,26355,0,163
1601644498205,30688,HTTP Request,200,,Institution-Manager 1-102,text,true,,125,536,45,45,http://localhost:8080/educationInstitution,30688,0,0
1601644495223,33671,HTTP Request,200,,Institution-Manager 1-58,text,true,,125,536,44,44,http://localhost:8080/educationInstitution,33671,0,2
1601644497605,31289,HTTP Request,200,,Institution-Manager 1-93,text,true,,125,536,44,44,http://localhost:8080/educationInstitution,31289,0,1
1601644498854,30157,HTTP Request,200,,Institution-Manager 1-110,text,true,,125,536,42,42,http://localhost:8080/educationInstitution,30157,0,11
1601644502542,26470,HTTP Request,200,,Institution-Manager 1-137,text,true,,125,536,41,41,http://localhost:8080/educationInstitution,26470,0,161
1601644502543,26471,HTTP Request,200,,Institution-Manager 1-139,text,true,,125,536,40,40,http://localhost:8080/educationInstitution,26471,0,158
1601644492997,36024,HTTP Request,200,,Institution-Manager 1-24,text,true,,125,536,39,39,http://localhost:8080/educationInstitution,36024,0,18
1601644502541,26480,HTTP Request,200,,Institution-Manager 1-132,text,true,,125,536,38,38,http://localhost:8080/educationInstitution,26480,0,160
1601644493677,35348,HTTP Request,200,,Institution-Manager 1-35,text,true,,125,536,37,37,http://localhost:8080/educationInstitution,35348,0,1
1601644502536,26493,HTTP Request,200,,Institution-Manager 1-142,text,true,,125,536,37,37,http://localhost:8080/educationInstitution,26493,0,168
1601644495890,33142,HTTP Request,200,,Institution-Manager 1-68,text,true,,125,536,37,37,http://localhost:8080/educationInstitution,33141,0,0
1601644502542,26497,HTTP Request,200,,Institution-Manager 1-135,text,true,,125,536,34,34,http://localhost:8080/educationInstitution,26497,0,158
1601644498071,30969,HTTP Request,200,,Institution-Manager 1-100,text,true,,125,536,33,33,http://localhost:8080/educationInstitution,30969,0,0
1601644496938,32103,HTTP Request,200,,Institution-Manager 1-83,text,true,,125,536,33,33,http://localhost:8080/educationInstitution,32103,0,1
1601644502533,26508,HTTP Request,200,,Institution-Manager 1-121,text,true,,125,536,33,33,http://localhost:8080/educationInstitution,26508,0,1
1601644498338,30710,HTTP Request,200,,Institution-Manager 1-104,text,true,,125,536,30,30,http://localhost:8080/educationInstitution,30710,0,0
1601644502541,26512,HTTP Request,200,,Institution-Manager 1-130,text,true,,125,536,29,29,http://localhost:8080/educationInstitution,26512,0,160
1601644497338,31717,HTTP Request,200,,Institution-Manager 1-89,text,true,,125,536,28,28,http://localhost:8080/educationInstitution,31717,0,2
1601644498848,30207,HTTP Request,200,,Institution-Manager 1-111,text,true,,125,536,28,28,http://localhost:8080/educationInstitution,30207,0,1
1601644497805,31250,HTTP Request,200,,Institution-Manager 1-96,text,true,,125,536,26,26,http://localhost:8080/educationInstitution,31250,0,1
1601644502535,26522,HTTP Request,200,,Institution-Manager 1-143,text,true,,125,536,25,25,http://localhost:8080/educationInstitution,26522,0,168
1601644502541,26517,HTTP Request,200,,Institution-Manager 1-131,text,true,,125,536,24,24,http://localhost:8080/educationInstitution,26517,0,161
1601644502537,26521,HTTP Request,200,,Institution-Manager 1-125,text,true,,125,536,24,24,http://localhost:8080/educationInstitution,26521,0,164
1601644492463,36601,HTTP Request,200,,Institution-Manager 1-17,text,true,,125,536,22,22,http://localhost:8080/educationInstitution,36601,0,2
1601644493877,35224,HTTP Request,200,,Institution-Manager 1-38,text,true,,125,536,21,21,http://localhost:8080/educationInstitution,35224,0,1
1601644497004,32123,HTTP Request,200,,Institution-Manager 1-84,text,true,,125,536,20,20,http://localhost:8080/educationInstitution,32122,0,2
1601644496423,32729,HTTP Request,200,,Institution-Manager 1-76,text,true,,125,536,19,19,http://localhost:8080/educationInstitution,32729,0,1
1601644493264,35970,HTTP Request,200,,Institution-Manager 1-28,text,true,,125,536,18,18,http://localhost:8080/educationInstitution,35970,0,1
1601644502536,26696,HTTP Request,200,,Institution-Manager 1-141,text,true,,125,536,18,18,http://localhost:8080/educationInstitution,26696,0,167
1601644492224,37016,HTTP Request,200,,Institution-Manager 1-13,text,true,,125,536,16,16,http://localhost:8080/educationInstitution,37016,0,1
1601644496024,33214,HTTP Request,200,,Institution-Manager 1-70,text,true,,125,536,16,16,http://localhost:8080/educationInstitution,33214,0,1
1601644496489,32752,HTTP Request,200,,Institution-Manager 1-77,text,true,,125,536,14,14,http://localhost:8080/educationInstitution,32752,0,1
1601644497404,31839,HTTP Request,200,,Institution-Manager 1-90,text,true,,125,536,13,13,http://localhost:8080/educationInstitution,31839,0,1
1601644498138,31113,HTTP Request,200,,Institution-Manager 1-101,text,true,,125,536,12,12,http://localhost:8080/educationInstitution,31113,0,0
1601644496671,32582,HTTP Request,200,,Institution-Manager 1-79,text,true,,125,536,11,11,http://localhost:8080/educationInstitution,32582,0,2
1601644502540,26714,HTTP Request,200,,Institution-Manager 1-127,text,true,,125,536,10,10,http://localhost:8080/educationInstitution,26714,0,161
1601644494441,34815,HTTP Request,200,,Institution-Manager 1-46,text,true,,125,536,9,9,http://localhost:8080/educationInstitution,34815,0,1
1601644502543,26713,HTTP Request,200,,Institution-Manager 1-129,text,true,,125,536,9,9,http://localhost:8080/educationInstitution,26713,0,161
1601644496737,32580,HTTP Request,200,,Institution-Manager 1-80,text,true,,125,536,7,7,http://localhost:8080/educationInstitution,32580,0,1
1601644502542,26801,HTTP Request,200,,Institution-Manager 1-140,text,true,,125,536,6,6,http://localhost:8080/educationInstitution,26801,0,156
1601644502538,26807,HTTP Request,200,,Institution-Manager 1-146,text,true,,125,536,5,5,http://localhost:8080/educationInstitution,26807,0,164
1601644498871,30523,HTTP Request,200,,Institution-Manager 1-112,text,true,,125,536,4,4,http://localhost:8080/educationInstitution,30523,0,1
1601644502542,26903,HTTP Request,200,,Institution-Manager 1-134,text,true,,125,536,3,3,http://localhost:8080/educationInstitution,26903,0,0
1601644502536,26926,HTTP Request,200,,Institution-Manager 1-149,text,true,,125,536,2,2,http://localhost:8080/educationInstitution,26926,0,165
1601644494622,34859,HTTP Request,200,,Institution-Manager 1-49,text,true,,125,536,1,1,http://localhost:8080/educationInstitution,34859,0,2
